tick_ms,lidar_chunk_q_depth,lidar_chunk_q_hwm,uart_chunk_drop_cnt,uart_chunk_oversize_cnt,parser_overflow_cnt,checksum_fail_cnt,amp_low_cnt,too_near_cnt,lidar_point_q_depth,lidar_point_q_hwm,lidar_point_drop_cnt,can_tx_ok_point_cnt,can_tx_fail_point_cnt,can_tx_fail_frame_cnt,can_last_error_code,can_error_irq_cnt,can_bus_off_cnt,can_recovery_cnt
522090,0,1,0,0,0,0,0,14,0,1,0,3552,48870,48870,0x00200023,1867497,0,0
523096,0,1,0,0,0,0,0,14,0,1,0,3653,48870,48870,0x00200023,1867497,0,0
524102,0,1,0,0,0,0,0,14,0,1,0,3754,48870,48870,0x00200023,1867497,0,0
525108,0,1,0,0,0,0,0,14,0,1,0,3855,48870,48870,0x00200023,1867497,0,0
526114,0,1,0,0,0,0,0,14,0,1,0,3957,48870,48870,0x00200023,1867497,0,0
527120,0,1,0,0,0,0,0,14,0,1,0,4058,48870,48870,0x00200023,1867497,0,0
528126,0,1,0,0,0,0,0,14,0,1,0,4159,48870,48870,0x00200023,1867497,0,0
529132,0,1,0,0,0,0,0,14,0,1,0,4260,48870,48870,0x00200023,1867497,0,0
530138,0,1,0,0,0,0,0,14,0,1,0,4335,48896,48896,0x00200023,1868524,0,0
531144,0,1,0,0,0,0,0,14,0,1,0,4335,48997,48997,0x00200023,1872423,0,0
532150,0,1,0,0,0,0,0,14,0,1,0,4335,49098,49098,0x00200023,1876323,0,0
533156,0,1,0,0,0,0,0,14,0,1,0,4335,49200,49200,0x00200023,1880222,0,0
534162,0,1,0,0,0,0,0,14,0,1,0,4335,49301,49301,0x00200023,1884121,0,0
535168,0,1,0,0,0,0,0,14,0,1,0,4335,49402,49402,0x00200023,1888020,0,0
536174,0,1,0,0,0,0,0,14,0,1,0,4335,49503,49503,0x00200023,1891919,0,0
537180,0,1,0,0,0,0,0,14,0,1,0,4335,49604,49604,0x00200023,1895819,0,0
538186,0,1,0,0,0,0,0,14,0,1,0,4335,49705,49705,0x00200023,1899718,0,0
539192,0,1,0,0,0,0,0,14,0,1,0,4335,49806,49806,0x00200023,1903617,0,0
540198,0,1,0,0,0,0,0,14,0,1,0,4335,49907,49907,0x00200023,1907516,0,0
541204,0,1,0,0,0,0,0,14,0,1,0,4335,50009,50009,0x00200023,1911416,0,0
542210,0,1,0,0,0,0,0,14,0,1,0,4335,50110,50110,0x00200023,1915315,0,0
543216,0,1,0,0,0,0,0,14,0,1,0,4335,50211,50211,0x00200023,1919214,0,0
544222,0,1,0,0,0,0,0,14,0,1,0,4335,50312,50312,0x00200023,1923113,0,0
545228,0,1,0,0,0,0,0,14,0,1,0,4335,50413,50413,0x00200023,1927012,0,0
546234,0,1,0,0,0,0,0,14,0,1,0,4335,50514,50514,0x00200023,1930912,0,0
547240,0,1,0,0,0,0,0,14,0,1,0,4335,50615,50615,0x00200023,1934811,0,0
548246,0,1,0,0,0,0,0,14,0,1,0,4335,50716,50716,0x00200023,1938710,0,0
549252,0,1,0,0,0,0,0,14,0,1,0,4336,50816,50816,0x00200023,1942595,0,0
550258,0,1,0,0,0,0,0,14,0,1,0,4336,50917,50917,0x00200023,1946405,0,0
551264,0,1,0,0,0,0,0,14,0,1,0,4365,50990,50990,0x00200023,1949121,0,0
552270,0,1,0,0,0,0,0,14,0,1,0,4466,50990,50990,0x00200023,1949121,0,0
553276,0,1,0,0,0,0,0,14,0,1,0,4567,50990,50990,0x00200023,1949121,0,0
554282,0,1,0,0,0,0,0,14,0,1,0,4668,50990,50990,0x00200023,1949121,0,0
555288,0,1,0,0,0,0,0,14,0,1,0,4769,50990,50990,0x00200023,1949121,0,0
556294,0,1,0,0,0,0,0,14,0,1,0,4870,50990,50990,0x00200023,1949121,0,0
557300,0,1,0,0,0,0,0,14,0,1,0,4971,50990,50990,0x00200023,1949121,0,0
558306,0,1,0,0,0,0,0,14,0,1,0,5072,50990,50990,0x00200023,1949121,0,0
559312,0,1,0,0,0,0,0,14,0,1,0,5174,50990,50990,0x00200023,1949121,0,0
560318,0,1,0,0,0,0,0,14,0,1,0,5275,50990,50990,0x00200023,1949121,0,0
561324,0,1,0,0,0,0,0,14,0,1,0,5376,50990,50990,0x00200023,1949121,0,0
562330,0,1,0,0,0,0,0,14,0,1,0,5434,51033,51033,0x00200023,1950774,0,0
563336,0,1,0,0,0,0,0,14,0,1,0,5434,51134,51134,0x00200023,1954643,0,0
