host_rx_time_us,t_sample_us,angle_tick,angle_deg,distance_cm,x_mm,y_mm,quality,status
0,0,0,0.0,120.0,1200.0,0.0,80,0
100000,100000,100,10.0,121.0,1191.6,210.1,78,0
200000,200000,200,20.0,119.5,1122.8,408.7,76,0
300000,300000,300,30.0,118.0,1021.8,590.0,77,0
400000,400000,400,40.0,122.0,934.4,784.2,79,0
500000,500000,500,50.0,121.5,781.0,930.7,75,0
600000,600000,600,60.0,120.5,602.5,1043.6,77,0
700000,700000,700,70.0,119.0,407.0,1118.1,74,0
800000,800000,800,80.0,118.5,205.8,1167.0,73,0
900000,900000,900,90.0,300.0,0.0,3000.0,8,4
1000000,1000000,1000,100.0,119.0,-206.7,1171.9,74,0
1100000,1100000,1100,110.0,121.0,-413.8,1136.9,76,0
