score,angle_offset_deg,box_min_distance_mm,box_max_distance_mm,gap_threshold_mm,box_repeatability_p95_mm,box_seam_gap_mm,box_edge_rmse_mm,box_gap_count,wall_line_rmse_mm,wall_residual_p95_mm,wall_repeat_offset_mm,wall_gap_count
22.300780094519194,3.0,280.0,1000.0,120.0,20.0,10.631583209399922,15.687621773579204,3,7.435033007558866,13.089053429699549,6.338692188763333,5
22.350780094519195,3.0,280.0,1000.0,80.0,20.0,10.631583209399922,15.687621773579204,3,7.435033007558866,13.089053429699549,6.338692188763333,6
22.59864573832806,2.0,280.0,1000.0,120.0,20.0,9.800108698194549,16.068634868508603,3,7.43503300755887,13.089053429699614,6.327881174811099,5
22.64864573832806,2.0,280.0,1000.0,80.0,20.0,9.800108698194549,16.068634868508603,3,7.43503300755887,13.089053429699614,6.327881174811099,6
22.833501983303318,1.0,280.0,1000.0,120.0,20.0,10.47136665626102,16.236365317677215,3,7.4350330075588715,13.089053429699248,6.318889906700884,5
22.88350198330332,1.0,280.0,1000.0,80.0,20.0,10.47136665626102,16.236365317677215,3,7.4350330075588715,13.089053429699248,6.318889906700884,6
23.488291438476544,0.0,280.0,1000.0,120.0,20.0,11.81752796092043,16.756538642384502,3,7.435033007558866,13.089053429699755,6.311737136007383,5
23.538291438476545,0.0,280.0,1000.0,80.0,20.0,11.81752796092043,16.756538642384502,3,7.435033007558866,13.089053429699755,6.311737136007383,6
23.727259494212984,-1.0,280.0,1000.0,120.0,20.0,10.620846085612712,17.11517488565171,3,7.435033007558867,13.089053429700744,6.306437845242019,5
23.777259494212984,-1.0,280.0,1000.0,80.0,20.0,10.620846085612712,17.11517488565171,3,7.435033007558867,13.089053429700744,6.306437845242019,6
24.18544607259521,-2.0,280.0,1000.0,120.0,20.0,10.471370923842196,17.58830898021099,3,7.435033007558871,13.089053429699112,6.303003171991347,5
24.23544607259521,-2.0,280.0,1000.0,80.0,20.0,10.471370923842196,17.58830898021099,3,7.435033007558871,13.089053429699112,6.303003171991347,6
24.410424135505924,-3.0,280.0,1000.0,120.0,20.0,9.958541089494185,17.864570026556503,3,7.43503300755887,13.089053429698987,6.3014403520534055,5
24.460424135505924,-3.0,280.0,1000.0,80.0,20.0,9.958541089494185,17.864570026556503,3,7.43503300755887,13.089053429698987,6.3014403520534055,6
inf,-3.0,300.0,1000.0,80.0,20.0,nan,17.378827640876718,2,7.43503300755887,13.089053429698987,6.3014403520534055,6
inf,-3.0,300.0,1000.0,120.0,20.0,nan,17.378827640876718,2,7.43503300755887,13.089053429698987,6.3014403520534055,5
inf,-3.0,320.0,1000.0,80.0,11.25,nan,14.16631254351545,16,7.43503300755887,13.089053429698987,6.3014403520534055,6
inf,-3.0,320.0,1000.0,120.0,11.25,nan,14.16631254351545,13,7.43503300755887,13.089053429698987,6.3014403520534055,5
inf,-2.0,300.0,1000.0,80.0,20.0,nan,17.30736169530119,2,7.435033007558871,13.089053429699112,6.303003171991347,6
inf,-2.0,300.0,1000.0,120.0,20.0,nan,17.30736169530119,2,7.435033007558871,13.089053429699112,6.303003171991347,5
inf,-2.0,320.0,1000.0,80.0,11.25,nan,13.991684436967773,16,7.435033007558871,13.089053429699112,6.303003171991347,6
inf,-2.0,320.0,1000.0,120.0,11.25,nan,13.991684436967773,13,7.435033007558871,13.089053429699112,6.303003171991347,5
inf,-1.0,300.0,1000.0,80.0,20.0,nan,16.64124132765604,2,7.435033007558867,13.089053429700744,6.306437845242019,6
inf,-1.0,300.0,1000.0,120.0,20.0,nan,16.64124132765604,2,7.435033007558867,13.089053429700744,6.306437845242019,5
inf,-1.0,320.0,1000.0,80.0,11.25,nan,14.310804336525964,16,7.435033007558867,13.089053429700744,6.306437845242019,6
inf,-1.0,320.0,1000.0,120.0,11.25,nan,14.310804336525964,13,7.435033007558867,13.089053429700744,6.306437845242019,5
inf,0.0,300.0,1000.0,80.0,20.0,nan,16.37674769162664,2,7.435033007558866,13.089053429699755,6.311737136007383,6
inf,0.0,300.0,1000.0,120.0,20.0,nan,16.37674769162664,2,7.435033007558866,13.089053429699755,6.311737136007383,5
inf,0.0,320.0,1000.0,80.0,11.25,nan,14.619487226791545,16,7.435033007558866,13.089053429699755,6.311737136007383,6
inf,0.0,320.0,1000.0,120.0,11.25,nan,14.619487226791545,13,7.435033007558866,13.089053429699755,6.311737136007383,5
inf,1.0,300.0,1000.0,80.0,20.0,nan,16.056685805891362,2,7.4350330075588715,13.089053429699248,6.318889906700884,6
inf,1.0,300.0,1000.0,120.0,20.0,nan,16.056685805891362,2,7.4350330075588715,13.089053429699248,6.318889906700884,5
inf,1.0,320.0,1000.0,80.0,11.25,nan,14.608528985416765,16,7.4350330075588715,13.089053429699248,6.318889906700884,6
inf,1.0,320.0,1000.0,120.0,11.25,nan,14.608528985416765,13,7.4350330075588715,13.089053429699248,6.318889906700884,5
inf,2.0,300.0,1000.0,80.0,20.0,nan,15.617962060341917,2,7.43503300755887,13.089053429699614,6.327881174811099,6
inf,2.0,300.0,1000.0,120.0,20.0,nan,15.617962060341917,2,7.43503300755887,13.089053429699614,6.327881174811099,5
inf,2.0,320.0,1000.0,80.0,11.25,nan,14.49802256304233,16,7.43503300755887,13.089053429699614,6.327881174811099,6
inf,2.0,320.0,1000.0,120.0,11.25,nan,14.49802256304233,13,7.43503300755887,13.089053429699614,6.327881174811099,5
inf,3.0,300.0,1000.0,80.0,20.0,nan,14.951063358386175,2,7.435033007558866,13.089053429699549,6.338692188763333,6
inf,3.0,300.0,1000.0,120.0,20.0,nan,14.951063358386175,2,7.435033007558866,13.089053429699549,6.338692188763333,5
inf,3.0,320.0,1000.0,80.0,11.25,nan,14.355725521791634,16,7.435033007558866,13.089053429699549,6.338692188763333,6
inf,3.0,320.0,1000.0,120.0,11.25,nan,14.355725521791634,13,7.435033007558866,13.089053429699549,6.338692188763333,5
