elapsed_s,total_points,interval_point_rate_hz,reassembly_ok,reassembly_timeout,reassembly_overwrite_a,reassembly_overwrite_b,reassembly_pending
60.7,5191,85.546,5191,2,0,0,0
120.7,10336,85.750,10336,2,0,0,1
180.7,15612,87.923,15612,2,0,0,1
240.7,20819,86.776,20819,2,0,0,1
300.7,26274,90.912,26274,2,0,0,1
360.7,31695,90.344,31695,2,0,0,1
420.7,37251,92.594,37251,2,0,0,1
480.7,42898,94.116,42898,2,0,0,0
540.7,48939,100.679,48939,2,0,0,0
600.7,55001,101.018,55001,2,0,0,1
660.7,61065,101.058,61065,2,0,0,1
720.7,67127,101.029,67127,2,0,0,1
780.7,73191,101.051,73191,2,0,0,1
840.7,79255,101.065,79255,2,0,0,0
900.7,85321,101.085,85321,2,0,0,1
960.7,91386,101.074,91386,2,0,0,1
1020.8,97445,100.953,97445,2,0,0,1
1080.8,103518,101.195,103518,2,0,0,0
1140.8,109583,101.081,109583,2,0,0,1
1200.8,115645,101.005,115645,2,0,0,1
1260.8,121714,101.137,121714,2,0,0,1
1320.8,127779,101.074,127779,2,0,0,1
1380.8,133840,101.016,133840,2,0,0,1
1440.8,139908,101.122,139908,2,0,0,0
1500.8,145971,101.044,145971,2,0,0,1
1560.8,152036,101.068,152036,2,0,0,0
1620.8,158101,101.081,158101,2,0,0,1
1680.8,164167,101.095,164167,2,0,0,1
1740.8,170232,101.076,170232,2,0,0,1
1800.8,176297,101.079,176297,2,0,0,0
1860.8,182361,101.052,182361,2,0,0,1
1920.9,188426,101.077,188426,2,0,0,1
1980.9,194491,101.068,194491,2,0,0,1
2040.9,200554,101.047,200554,2,0,0,1
2100.9,206618,101.058,206618,2,0,0,1
2160.9,212682,101.066,212682,2,0,0,0
2220.9,218744,101.028,218744,2,0,0,1
2280.9,224808,101.051,224808,2,0,0,1
2340.9,230871,101.048,230871,2,0,0,1
2400.9,236935,101.055,236935,2,0,0,1
2460.9,242999,101.057,242999,2,0,0,1
2520.9,249063,101.061,249063,2,0,0,1
2580.9,255128,101.064,255128,2,0,0,1
2640.9,261195,101.109,261195,2,0,0,1
2700.9,267260,101.077,267260,2,0,0,1
2760.9,273325,101.075,273325,2,0,0,0
2820.9,279392,101.103,279392,2,0,0,1
2880.9,285457,101.079,285457,2,0,0,1
2940.9,291523,101.086,291523,2,0,0,1
3000.9,297588,101.079,297588,2,0,0,1
3060.9,303653,101.083,303653,2,0,0,1
3121.0,309719,101.086,309719,2,0,0,1
3181.0,315784,101.075,315784,2,0,0,1
3241.0,321849,101.071,321849,2,0,0,1
3301.0,327913,101.046,327913,2,0,0,0
3361.0,333979,101.087,333979,2,0,0,1
3421.0,340043,101.041,340043,2,0,0,1
3481.0,346109,101.096,346109,2,0,0,1
3541.0,352174,101.067,352174,2,0,0,1
3601.0,358238,101.067,358238,2,0,0,0
3661.0,364302,101.063,364302,2,0,0,1
3721.0,370369,101.110,370369,2,0,0,1
3781.0,376434,101.083,376434,2,0,0,1
3841.0,382501,101.106,382501,2,0,0,1
3901.0,388567,101.093,388567,2,0,0,1
3961.0,394633,101.090,394633,2,0,0,1
4021.0,400701,101.127,400701,2,0,0,1
4081.0,406766,101.075,406766,2,0,0,1
4141.1,412834,101.111,412834,2,0,0,0
4201.1,418902,101.126,418902,2,0,0,1
4261.1,424969,101.108,424969,2,0,0,1
4321.1,431036,101.107,431036,2,0,0,1
4381.1,437103,101.102,437103,2,0,0,0
4441.1,443169,101.090,443169,2,0,0,1
4501.1,449236,101.112,449236,2,0,0,1
4561.1,455301,101.078,455301,2,0,0,1
4621.1,461367,101.081,461367,2,0,0,1
4681.1,467435,101.130,467435,2,0,0,1
4741.1,473501,101.098,473501,2,0,0,1
4801.1,479568,101.116,479568,2,0,0,0
4861.1,485633,101.075,485633,2,0,0,1
4921.1,491699,101.095,491699,2,0,0,1
4981.1,497760,101.016,497760,7,0,0,0
5041.1,503825,101.069,503825,7,0,0,1
5101.1,509889,101.062,509889,7,0,0,0
5161.1,515956,101.102,515956,7,0,0,1
5221.2,522021,101.055,522021,7,0,0,1
5281.2,528087,101.097,528087,7,0,0,1
5341.2,534154,101.106,534154,7,0,0,1
5401.2,540219,101.082,540219,7,0,0,1
5461.2,546284,101.081,546284,7,0,0,1
5521.2,552349,101.081,552349,7,0,0,0
5581.2,558414,101.069,558414,7,0,0,1
5641.2,564480,101.099,564480,7,0,0,1
5701.2,570544,101.064,570544,7,0,0,0
5761.2,576609,101.073,576609,7,0,0,1
5821.2,582674,101.079,582674,7,0,0,1
5881.2,588738,101.059,588738,7,0,0,1
5941.2,594802,101.064,594802,7,0,0,1
6001.2,600869,101.112,600869,7,0,0,1
6061.2,606933,101.060,606933,7,0,0,1
