"tick_ms","target_mrps","actual_mrps","error_mrps","trim_pwm","pwm_cmd","speed_valid"
"124500","-150","-160","10","9","-421","1"
"124600","-150","-163","13","10","-420","1"
"124700","-150","-163","13","10","-420","1"
"124800","-150","-160","10","10","-420","1"
"124900","-150","-160","10","10","-420","1"
"125000","-150","-160","10","10","-420","1"
"125100","-150","-156","6","10","-420","1"
"125200","-150","-156","6","10","-420","1"
"125300","-150","-156","6","10","-420","1"
"125400","-150","-156","6","10","-420","1"
"125500","-150","-153","3","10","-420","1"
"125600","-150","-153","3","10","-420","1"
"125750","-150","-153","3","10","-420","1"
"125850","-150","-153","3","10","-420","1"
"125950","-150","-153","3","10","-420","1"
"126050","-150","-150","0","10","-420","1"
"126150","-150","-146","-4","9","-421","1"
"126250","-150","-146","-4","9","-421","1"
"126350","-150","-150","0","9","-421","1"
"126450","-150","-146","-4","9","-421","1"
"126550","-150","-150","0","9","-421","1"
"126650","-150","-146","-4","9","-421","1"
"126750","-150","-143","-7","8","-422","1"
"126850","-150","-143","-7","8","-422","1"
"126950","-150","-143","-7","8","-422","1"
"127050","-150","-143","-7","7","-423","1"
"127150","-150","-146","-4","8","-422","1"
"127250","-150","-150","0","9","-421","1"
"127350","-150","-146","-4","8","-422","1"
"127450","-150","-146","-4","8","-422","1"
"127550","-150","-146","-4","8","-422","1"
"127650","-150","-150","0","8","-422","1"
"127750","-150","-150","0","8","-422","1"
"127850","-150","-150","0","8","-422","1"
"127950","-150","-150","0","8","-422","1"
"128050","-150","-146","-4","8","-422","1"
"128150","-150","-146","-4","8","-422","1"
"128300","-150","-143","-7","7","-423","1"
"128400","-150","-146","-4","7","-423","1"
"128500","-150","-153","3","9","-421","1"
"128600","-150","-150","0","8","-422","1"
"128700","-150","-150","0","8","-422","1"
"128800","-150","-150","0","8","-422","1"
"128900","-150","-153","3","9","-421","1"
"129000","-150","-153","3","9","-421","1"
"129100","-150","-153","3","9","-421","1"
"129200","-150","-153","3","9","-421","1"
"129300","-150","-150","0","8","-422","1"
"129400","-150","-150","0","8","-422","1"
"129500","-150","-146","-4","7","-423","1"
"129600","-150","-146","-4","7","-423","1"
"129700","-150","-143","-7","7","-423","1"
"129800","-150","-143","-7","6","-424","1"
"129900","-150","-143","-7","6","-424","1"
"130000","-150","-143","-7","6","-424","1"
"130100","0","-139","0","0","0","1"
"130200","0","0","0","0","220","1"
"130300","13","54","-42","-8","229","1"
"130400","25","68","-43","-9","246","1"
"130500","38","78","-41","-10","263","1"
"130600","50","85","-35","-10","280","1"
"130700","63","95","-33","-10","298","1"
"130850","81","109","-28","-10","324","1"
"130950","94","116","-22","-9","342","1"
"131050","106","126","-20","-9","359","1"
"131150","119","133","-14","-9","378","1"
"131250","131","136","-5","-7","397","1"
"131350","144","150","-6","-7","414","1"
"131450","150","156","-6","-8","422","1"
"131550","150","160","-10","-8","422","1"
"131650","150","160","-10","-9","421","1"
"131750","150","160","-10","-9","421","1"
"131850","150","156","-6","-8","422","1"
"131950","150","156","-6","-8","422","1"
"132050","150","156","-6","-9","421","1"
"132150","150","156","-6","-9","421","1"
"132250","150","156","-6","-9","421","1"
"132350","150","156","-6","-9","421","1"
"132450","150","153","-3","-9","421","1"
"132550","150","156","-6","-9","421","1"
"132650","150","153","-3","-9","421","1"
"132750","150","153","-3","-9","421","1"
"132850","150","156","-6","-9","421","1"
"132950","150","153","-3","-9","421","1"
"133050","150","156","-6","-10","420","1"
"133150","150","156","-6","-10","420","1"
"133250","150","156","-6","-10","420","1"
"133400","150","156","-6","-10","420","1"
"133500","150","153","-3","-10","420","1"
"133600","150","153","-3","-10","420","1"
"133700","150","153","-3","-10","420","1"
"133800","150","150","0","-9","421","1"
"133900","150","153","-3","-10","420","1"
"134000","150","153","-3","-10","420","1"
"134100","150","150","0","-9","421","1"
"134200","150","150","0","-9","421","1"
"134300","150","150","0","-9","421","1"
"134400","150","150","0","-9","421","1"
"134500","150","150","0","-9","421","1"
"134600","150","150","0","-9","421","1"
"134700","150","153","-3","-10","420","1"
"134800","150","153","-3","-10","420","1"
"134900","150","153","-3","-10","420","1"
"135000","150","150","0","-9","421","1"
"135100","150","153","-3","-10","420","1"
"135200","150","156","-6","-11","419","1"
"135300","150","150","0","-9","421","1"
"135400","150","146","4","-9","421","1"
"135500","150","146","4","-9","421","1"
"135600","150","150","0","-9","421","1"
"135700","150","150","0","-9","421","1"
"135800","150","150","0","-9","421","1"
"135950","150","150","0","-9","421","1"
"136050","150","146","4","-9","421","1"
"136150","150","146","4","-9","421","1"
"136250","150","146","4","-9","421","1"
"136350","150","139","11","-7","423","1"
"136450","150","139","11","-7","423","1"
"136550","150","136","14","-6","424","1"
"136650","150","133","17","-5","425","1"
"136750","150","139","11","-6","424","1"
"136850","150","139","11","-6","424","1"
"136950","150","136","14","-5","425","1"
"137050","150","136","14","-5","425","1"
"137150","150","133","17","-4","426","1"
"137250","0","133","0","0","0","1"
"137350","0","0","0","0","-220","1"
"137450","-13","-54","42","8","-229","1"
"137550","-25","-71","46","10","-245","1"
"137650","-38","-78","41","10","-263","1"
"137750","-50","-88","38","10","-280","1"
"137850","-63","-95","33","10","-298","1"
"137950","-75","-102","27","10","-315","1"
"138050","-88","-112","25","10","-333","1"
"138150","-100","-119","19","9","-351","1"
"138250","-113","-129","17","9","-368","1"
"138350","-125","-136","11","8","-387","1"
"138500","-144","-150","6","8","-414","1"
"138600","-150","-160","10","9","-421","1"
"138700","-150","-163","13","10","-420","1"
"138800","-150","-163","13","10","-420","1"
"138900","-150","-160","10","9","-421","1"
"139000","-150","-160","10","10","-420","1"
"139100","-150","-160","10","10","-420","1"
"139200","-150","-160","10","10","-420","1"
"139300","-150","-160","10","10","-420","1"
"139400","-150","-156","6","10","-420","1"
"139500","-150","-156","6","10","-420","1"
"139600","-150","-156","6","10","-420","1"
"139700","-150","-156","6","10","-420","1"
"139800","-150","-153","3","10","-420","1"
"139900","-150","-156","6","10","-420","1"
"140000","-150","-153","3","10","-420","1"
"140100","-150","-153","3","10","-420","1"
"140200","-150","-150","0","9","-421","1"
"140300","-150","-150","0","9","-421","1"
"140400","-150","-150","0","9","-421","1"
"140500","-150","-146","-4","9","-421","1"
"140600","-150","-146","-4","9","-421","1"
"140700","-150","-146","-4","9","-421","1"
"140800","-150","-143","-7","8","-422","1"
"140900","-150","-146","-4","8","-422","1"
"141050","-150","-146","-4","8","-422","1"
"141150","-150","-146","-4","8","-422","1"
"141250","-150","-146","-4","8","-422","1"
"141350","-150","-143","-7","7","-423","1"
"141450","-150","-150","0","9","-421","1"
"141550","-150","-146","-4","8","-422","1"
"141650","-150","-146","-4","8","-422","1"
"141750","-150","-146","-4","8","-422","1"
"141850","-150","-150","0","8","-422","1"
"141950","-150","-146","-4","8","-422","1"
"142050","-150","-146","-4","8","-422","1"
"142150","-150","-150","0","8","-422","1"
"142250","-150","-150","0","8","-422","1"
"142350","-150","-146","-4","7","-423","1"
"142450","-150","-146","-4","7","-423","1"
"142550","-150","-146","-4","7","-423","1"
"142650","-150","-146","-4","7","-423","1"
"142750","-150","-150","0","8","-422","1"
"142850","-150","-150","0","8","-422","1"
"142950","-150","-150","0","8","-422","1"
"143050","-150","-153","3","9","-421","1"
"143150","-150","-150","0","8","-422","1"
"143250","-150","-153","3","9","-421","1"
"143350","-150","-153","3","9","-421","1"
"143450","-150","-150","0","8","-422","1"
"143600","-150","-150","0","8","-422","1"
"143700","-150","-150","0","8","-422","1"
"143800","-150","-146","-4","7","-423","1"
"143900","-150","-143","-7","7","-423","1"
"144000","-150","-143","-7","6","-424","1"
"144100","-150","-143","-7","6","-424","1"
"144200","-150","-139","-11","5","-425","1"
"144300","-150","-143","-7","6","-424","1"
"144400","0","-143","0","0","0","1"
"144500","0","0","0","0","220","1"
"144600","13","51","-39","-8","230","1"
"144700","25","65","-40","-9","246","1"
"144800","38","75","-37","-9","263","1"
"144900","50","88","-38","-10","280","1"
"145000","63","92","-29","-9","298","1"
"145100","75","102","-27","-9","316","1"
"145200","88","112","-25","-10","333","1"
"145300","100","119","-19","-9","351","1"
"145400","113","126","-13","-8","369","1"
"145500","125","136","-11","-8","387","1"
"145600","138","146","-9","-8","405","1"
"145700","150","153","-3","-7","423","1"
"145800","150","160","-10","-8","422","1"
"145900","150","160","-10","-9","421","1"
"146000","150","156","-6","-8","422","1"
"146150","150","156","-6","-8","422","1"
