tick_ms,target_mrps,actual_mrps,error_mrps,trim_pwm,pwm_cmd,speed_valid
201750,300,299,1,14,774,1
201850,300,299,1,14,774,1
201950,300,299,1,14,774,1
202050,300,299,1,14,774,1
202150,300,299,1,14,774,1
202250,300,299,1,14,774,1
202350,300,303,-3,13,773,1
202450,300,299,1,14,774,1
202550,300,299,1,14,774,1
202650,300,299,1,14,774,1
202750,300,299,1,14,774,1
202850,300,303,-3,13,773,1
202950,300,299,1,14,774,1
203050,300,303,-3,13,773,1
203150,300,299,1,14,774,1
203250,300,299,1,14,774,1
203350,300,299,1,14,774,1
203450,300,299,1,14,774,1
203550,300,299,1,14,774,1
203650,300,299,1,14,774,1
203800,300,299,1,14,774,1
203900,300,303,-3,13,773,1
204000,300,299,1,14,774,1
204100,300,303,-3,13,773,1
204200,300,299,1,14,774,1
204300,300,299,1,14,774,1
204400,300,303,-3,13,773,1
204500,300,299,1,14,774,1
204600,300,299,1,14,774,1
204700,300,299,1,14,774,1
204800,300,299,1,14,774,1
204900,300,299,1,14,774,1
205000,300,303,-3,13,773,1
205100,300,299,1,14,774,1
205200,300,299,1,14,774,1
205300,300,303,-3,13,773,1
205400,300,299,1,14,774,1
205500,300,303,-3,13,773,1
205600,300,299,1,14,774,1
205700,300,299,1,14,774,1
205800,300,303,-3,13,773,1
205900,300,299,1,14,774,1
206000,300,299,1,14,774,1
206100,300,299,1,14,774,1
206200,300,299,1,14,774,1
206350,300,299,1,14,774,1
206450,300,299,1,14,774,1
206550,300,299,1,14,774,1
206650,300,299,1,14,774,1
206750,300,299,1,14,774,1
206850,300,303,-3,13,773,1
206950,300,299,1,14,774,1
207050,300,299,1,14,774,1
207150,300,299,1,14,774,1
207250,300,299,1,14,774,1
207350,300,299,1,14,774,1
207450,300,299,1,14,774,1
207550,300,299,1,14,774,1
207650,300,303,-3,13,773,1
207750,300,299,1,14,774,1
207850,300,303,-3,13,773,1
207950,300,299,1,14,774,1
208050,300,299,1,14,774,1
208150,300,299,1,14,774,1
208250,300,299,1,14,774,1
208350,300,299,1,14,774,1
208450,300,299,1,14,774,1
208550,300,299,1,14,774,1
208650,300,303,-3,13,773,1
208750,300,299,1,14,774,1
208900,300,299,1,14,774,1
209000,300,303,-3,13,773,1
209100,300,299,1,14,774,1
209200,300,299,1,14,774,1
209300,300,299,1,14,774,1
209400,300,299,1,14,774,1
209500,300,303,-3,13,773,1
209600,300,299,1,14,774,1
209700,300,299,1,14,774,1
209800,300,299,1,14,774,1
209900,300,299,1,14,774,1
210000,300,299,1,14,774,1
210100,300,303,-3,13,773,1
210200,300,299,1,14,774,1
210300,300,299,1,14,774,1
210400,300,299,1,14,774,1
210500,300,299,1,14,774,1
210600,300,299,1,14,774,1
210700,300,299,1,14,774,1
210800,300,299,1,14,774,1
210900,300,303,-3,13,773,1
211000,300,299,1,14,774,1
211100,300,303,-3,13,773,1
211200,300,299,1,14,774,1
211300,300,303,-3,13,773,1
211450,300,299,1,14,774,1
211550,300,299,1,14,774,1
211650,300,299,1,14,774,1
211750,300,303,-3,13,773,1
211850,300,299,1,14,774,1
211950,300,299,1,14,774,1
212050,300,299,1,14,774,1
212150,300,299,1,14,774,1
212250,300,299,1,14,774,1
212350,300,299,1,14,774,1
212450,300,299,1,14,774,1
212550,300,299,1,14,774,1
212650,300,299,1,14,774,1
212750,300,299,1,14,774,1
212850,300,299,1,14,774,1
212950,300,299,1,14,774,1
213050,300,303,-3,13,773,1
213150,300,299,1,14,774,1
213250,300,299,1,14,774,1
213350,300,303,-3,13,773,1
213450,300,299,1,14,774,1
213550,300,299,1,14,774,1
213650,300,299,1,14,774,1
213750,300,303,-3,13,773,1
213850,300,299,1,14,774,1
214000,300,299,1,14,774,1
214100,300,299,1,14,774,1
214200,300,299,1,14,774,1
214300,300,299,1,14,774,1
214400,300,299,1,14,774,1
214500,300,299,1,14,774,1
214600,300,299,1,14,774,1
214700,300,299,1,14,774,1
214800,300,299,1,14,774,1
214900,300,299,1,14,774,1
215000,300,299,1,14,774,1
215100,300,299,1,14,774,1
215200,300,303,-3,13,773,1
215300,300,299,1,14,774,1
215400,300,303,-3,13,773,1
215500,300,299,1,14,774,1
215600,300,299,1,14,774,1
215700,300,299,1,14,774,1
215800,300,303,-3,13,773,1
215900,300,299,1,14,774,1
216000,300,303,-3,13,773,1
216100,300,299,1,14,774,1
216200,300,299,1,14,774,1
216300,300,303,-3,13,773,1
216400,300,299,1,14,774,1
216550,300,299,1,14,774,1
216650,300,299,1,14,774,1
216750,300,303,-3,13,773,1
216850,300,299,1,14,774,1
216950,300,299,1,14,774,1
217050,300,299,1,14,774,1
217150,300,299,1,14,774,1
217250,300,303,-3,13,773,1
217350,300,299,1,14,774,1
217450,300,299,1,14,774,1
217550,300,303,-3,13,773,1
217650,300,299,1,14,774,1
217750,300,299,1,14,774,1
217850,300,303,-3,13,773,1
217950,300,299,1,14,774,1
218050,300,299,1,14,774,1
218150,300,299,1,14,774,1
218250,300,299,1,14,774,1
218350,300,299,1,14,774,1
218450,300,299,1,14,774,1
218550,300,303,-3,13,773,1
218650,300,299,1,14,774,1
218750,300,299,1,14,774,1
218850,300,303,-3,13,773,1
218950,300,299,1,14,774,1
219100,300,299,1,14,774,1
219200,300,299,1,14,774,1
219300,300,299,1,14,774,1
219400,300,299,1,14,774,1
219500,300,299,1,14,774,1
219600,300,303,-3,13,773,1
219700,300,299,1,14,774,1
219800,300,299,1,14,774,1
219900,300,299,1,14,774,1
220000,300,299,1,14,774,1
220100,300,299,1,14,774,1
220200,300,299,1,14,774,1
220300,300,299,1,14,774,1
220400,300,299,1,14,774,1
220500,300,299,1,14,774,1
220600,300,299,1,14,774,1
220700,300,303,-3,13,773,1
220800,300,299,1,14,774,1
220900,300,303,-3,13,773,1
221000,300,299,1,14,774,1
221100,300,299,1,14,774,1
221200,300,299,1,14,774,1
221300,300,299,1,14,774,1
221400,300,303,-3,13,773,1
221500,300,299,1,14,774,1
221650,300,299,1,14,774,1
221750,300,299,1,14,774,1
221850,300,303,-3,13,773,1
221950,300,299,1,14,774,1
222050,300,299,1,14,774,1
222150,300,299,1,14,774,1
222250,300,299,1,14,774,1
222350,300,299,1,14,774,1
222450,300,303,-3,13,773,1
222550,300,299,1,14,774,1
222650,300,303,-3,13,773,1
222750,300,299,1,14,774,1
222850,300,303,-3,13,773,1
222950,300,299,1,14,774,1
223050,300,299,1,14,774,1
223150,300,299,1,14,774,1
223250,300,299,1,14,774,1
223350,300,303,-3,13,773,1
223450,300,299,1,14,774,1
223550,300,303,-3,13,773,1
223650,300,299,1,14,774,1
223750,300,299,1,14,774,1
223850,300,299,1,14,774,1
223950,300,299,1,14,774,1
224050,300,299,1,14,774,1
224200,300,299,1,14,774,1
224300,300,299,1,14,774,1
224400,300,299,1,14,774,1
224500,300,299,1,14,774,1
224600,300,299,1,14,774,1
224700,300,299,1,14,774,1
224800,300,303,-3,13,773,1
224900,300,299,1,14,774,1
225000,300,299,1,14,774,1
225100,300,299,1,14,774,1
225200,300,299,1,14,774,1
225300,300,299,1,14,774,1
225400,300,299,1,14,774,1
225500,300,299,1,14,774,1
225600,300,299,1,14,774,1
225700,300,299,1,14,774,1
225800,300,299,1,14,774,1
225900,300,299,1,14,774,1
226000,300,299,1,14,774,1
226100,300,299,1,14,774,1
226200,300,299,1,14,774,1
226300,300,303,-3,13,773,1
226400,300,299,1,14,774,1
226500,300,303,-3,13,773,1
226600,300,299,1,14,774,1
226750,300,299,1,14,774,1
226850,300,303,-3,13,773,1
226950,300,299,1,14,774,1
227050,300,303,-3,13,773,1
227150,300,299,1,14,774,1
227250,300,299,1,14,774,1
227350,300,303,-3,13,773,1
227450,300,299,1,14,774,1
227550,300,299,1,14,774,1
227650,300,299,1,14,774,1
227750,300,299,1,14,774,1
227850,300,299,1,14,774,1
227950,300,303,-3,13,773,1
228050,300,299,1,14,774,1
228150,300,299,1,14,774,1
228250,300,299,1,14,774,1
228350,300,299,1,14,774,1
228450,300,299,1,14,774,1
228550,300,299,1,14,774,1
228650,300,299,1,14,774,1
228750,300,299,1,14,774,1
228850,300,303,-3,13,773,1
228950,300,299,1,14,774,1
229050,300,303,-3,13,773,1
229150,300,299,1,14,774,1
229300,300,299,1,14,774,1
229400,300,303,-3,13,773,1
229500,300,299,1,14,774,1
229600,300,299,1,14,774,1
229700,300,299,1,14,774,1
229800,300,303,-3,13,773,1
229900,300,299,1,14,774,1
230000,300,303,-3,13,773,1
230100,300,299,1,14,774,1
230200,300,299,1,14,774,1
230300,300,299,1,14,774,1
230400,300,299,1,14,774,1
230500,300,303,-3,13,773,1
230600,300,299,1,14,774,1
230700,300,299,1,14,774,1
230800,300,303,-3,13,773,1
230900,300,299,1,14,774,1
231000,300,303,-3,13,773,1
231100,300,299,1,14,774,1
231200,300,299,1,14,774,1
231300,300,303,-3,13,773,1
231400,300,299,1,14,774,1
231500,300,299,1,14,774,1
231600,300,299,1,14,774,1
231700,300,303,-3,13,773,1
231850,300,299,1,14,774,1
231950,300,303,-3,13,773,1
232050,300,299,1,14,774,1
232150,300,299,1,14,774,1
232250,300,299,1,14,774,1
232350,300,299,1,14,774,1
232450,300,299,1,14,774,1
232550,300,299,1,14,774,1
232650,300,303,-3,13,773,1
232750,300,299,1,14,774,1
232850,300,299,1,14,774,1
232950,300,299,1,14,774,1
233050,300,299,1,14,774,1
233150,300,303,-3,13,773,1
233250,300,299,1,14,774,1
233350,300,299,1,14,774,1
233450,300,299,1,14,774,1
233550,300,299,1,14,774,1
233650,300,303,-3,13,773,1
233750,300,299,1,14,774,1
233850,300,299,1,14,774,1
233950,300,299,1,14,774,1
234050,300,299,1,14,774,1
234150,300,303,-3,13,773,1
234250,300,299,1,14,774,1
234400,300,299,1,14,774,1
234500,300,299,1,14,774,1
234600,300,299,1,14,774,1
234700,300,303,-3,13,773,1
234800,300,299,1,14,774,1
234900,300,303,-3,13,773,1
235000,300,299,1,14,774,1
235100,300,299,1,14,774,1
235200,300,299,1,14,774,1
235300,300,299,1,14,774,1
235400,300,299,1,14,774,1
235500,300,299,1,14,774,1
235600,300,299,1,14,774,1
235700,300,299,1,14,774,1
235800,300,299,1,14,774,1
235900,300,303,-3,13,773,1
236000,300,299,1,14,774,1
236100,300,299,1,14,774,1
236200,300,303,-3,13,773,1
236300,300,299,1,14,774,1
236400,300,303,-3,13,773,1
236500,300,299,1,14,774,1
236600,300,299,1,14,774,1
236700,300,303,-3,13,773,1
236800,300,299,1,14,774,1
236950,300,299,1,14,774,1
237050,300,299,1,14,774,1
237150,300,299,1,14,774,1
237250,300,299,1,14,774,1
237350,300,299,1,14,774,1
237450,300,303,-3,13,773,1
237550,300,299,1,14,774,1
237650,300,299,1,14,774,1
237750,300,303,-3,13,773,1
237850,300,299,1,14,774,1
237950,300,299,1,14,774,1
238050,300,299,1,14,774,1
238150,300,299,1,14,774,1
238250,300,299,1,14,774,1
238350,300,299,1,14,774,1
238450,300,303,-3,13,773,1
238550,300,299,1,14,774,1
238650,300,299,1,14,774,1
238750,300,299,1,14,774,1
238850,300,299,1,14,774,1
238950,300,299,1,14,774,1
239050,300,299,1,14,774,1
239150,300,299,1,14,774,1
239250,300,299,1,14,774,1
239350,300,299,1,14,774,1
239500,300,299,1,14,774,1
239600,300,299,1,14,774,1
239700,300,299,1,14,774,1
239800,300,303,-3,13,773,1
239900,300,299,1,14,774,1
240000,300,303,-3,13,773,1
240100,300,299,1,14,774,1
240200,300,303,-3,13,773,1
240300,300,299,1,14,774,1
240400,300,299,1,14,774,1
240500,300,299,1,14,774,1
240600,300,299,1,14,774,1
240700,300,303,-3,13,773,1
240800,300,299,1,14,774,1
240900,300,303,-3,13,773,1
241000,300,299,1,14,774,1
241100,300,299,1,14,774,1
